exhibitorid,Name,MainCategories
90556,Turkey Travels,52276|52280|52281
92462,Russian Travel Company,52273|52283|52289|52291|52298|52302
92491,Indian Travel Company,52273|52274|52281
92492,Asia Tourism,52272|52276|52352|52358
92493,SriLanka Adventures,52296|52327|52352
92494,Exotic Europe Travels,52274|52277|52280|52291
92495,Luxury Europe Company,52275|52284|52298|52338|52321
92496,DreamTravel Company ,52277|52285|52297|52298
92497,Happy Company 2,52275|52276|52301|52345|52346
68142,Global Tours Voyages,52286|52335|52332|52300|52354|52365|52324|52274|52330|52339
27827,Exotic Tours Holidays,52355|52337
74870,Exotic Tours Journeys,52299|52289|52318|52288|52311|52364|52357|52325
56923,Royal Tours Expeditions,52344|52336
80700,Exotic Holidays Services,52353
46350,Prime Travel Journeys,52345
55311,Sunny Adventures Journeys,52357|52275|52295|52354|52306|52299|52341|52351|52291|52340|52353
31331,Exotic Adventures Journeys,52288|52282|52366
97818,Sunny Trips Adventures,52288|52337
13033,Prime Vacations Expeditions,52323|52363|52359|52274
15881,Royal Trips Tours,52293|52342|52343|52277|52299|52336|52274|52365|52354
10846,Royal Adventures Adventures,52286|52365|52331|52353|52316|52297
98889,Exotic Tours Tours,52312|52283|52349|52322|52361
18004,Exotic Getaways Journeys,52366
44942,Royal Holidays Adventures,52329|52290|52338|52312
48028,Prime Adventures Journeys,52310|52332|52347|52359|52340|52343|52345|52320|52353|52355|52328
72153,Elite Adventures Holidays,52289|52294|52331|52338|52297|52287|52348|52342|52357|52314|52278|52290
32278,Exotic Holidays Holidays,52288|52302|52364
51839,Dream Getaways Expeditions,52318|52309|52311|52333|52360|52325
30134,Global Holidays Expeditions,52344|52285
54579,Prime Vacations Voyages,52338|52364|52327|52305|52284
21865,Dream Holidays Holidays,52365|52324|52313|52280|52286|52328|52306|52343|52351|52287|52333
97920,Dream Tours Tours,52294|52325|52362|52352|52329|52324|52353|52338|52346
18960,Elite Travel Services,52327|52357|52360|52316
15642,Dream Travel Services,52334|52273|52306|52291|52272
17729,Sunny Travel Journeys,52271|52359|52304|52285|52282|52272|52329|52366|52297
